timestamp,left_eye_x,left_eye_y,right_eye_x,right_eye_y,imu_x,imu_y,left_eye_detected,right_eye_detected
-0.008140325546264648,-28.91862907222861,21.774290838089254,-28.13490105072726,22.536833358391245,-125.75,-6.44,True,True
0.013436555862426758,-28.91946771026484,21.795143418774746,-28.156318989372497,22.4780713524012,-125.75,-6.44,True,True
0.035013437271118164,-28.954847298748096,21.74557831355459,-28.167138061363577,22.725614539176576,-125.75,-6.44,True,True
0.035013437271118164,-28.921450282572323,21.799990206344916,-28.223296415170484,22.400712771737687,-125.75,-6.44,True,True
0.035013437271118164,-28.92244180446095,21.79095528297006,-28.278363334706793,22.38331274500729,-125.75,-6.44,True,True
0.035013437271118164,-28.942281772651327,21.757059580728182,-28.239409126952,22.5874082811104,-125.75,-6.44,True,True
0.035013437271118164,-28.924371600979487,21.749217388843928,-28.421969726275595,22.36333638941619,-125.75,-6.44,True,True
0.035013437271118164,-28.92525615688088,21.715763005036123,-28.500825337529662,22.33302523122245,-125.75,-6.44,True,True
0.035013437271118164,-28.93580392407494,21.723803080462975,-28.377398499809935,22.46811113643821,-125.75,-6.44,True,True
0.035013437271118164,-28.92685434715177,21.63600555686317,-28.647688111855924,22.261678062303044,-125.75,-6.44,True,True
0.035013437271118164,-28.927557744705126,21.602024685430155,-28.690741995806913,22.2505631598418,-125.75,-6.44,True,True
0.035013437271118164,-28.932761291993135,21.66307213458423,-28.511856784265884,22.383194966681405,-125.75,-6.44,True,True
0.035013437271118164,-28.92877988645648,21.541362463555373,-28.72354512356939,22.264245968398253,-125.75,-6.44,True,True
0.035013437271118164,-28.929305372463276,21.51018492879794,-28.720744733665644,22.27583892889795,-125.75,-6.44,True,True
0.035013437271118164,-28.931566295952212,21.58922052534806,-28.589171287054963,22.346156817426962,-125.75,-6.44,True,True
0.035013437271118164,-28.892923673678823,21.45271882331113,-28.646477402837164,22.25192882969812,-125.75,-6.44,True,True
0.035013437271118164,-28.818754987827262,21.433012064249905,-28.54474781846139,22.159826637356403,-125.75,-6.44,True,True
0.035013437271118164,-28.841846875305787,21.521261448932886,-28.51348448747748,22.21341129706424,-125.75,-6.44,True,True
0.035013437271118164,-28.56238088998497,21.427171887523613,-28.199363000317703,21.882799290921895,-125.75,-6.44,True,True
0.035013437271118164,-28.38409442477374,21.456559223890366,-27.94297395508072,21.765345460561633,-125.75,-6.44,True,True
0.035013437271118164,-28.574071464664456,21.515750806723887,-28.160405553446616,21.99281938841429,-125.75,-6.44,True,True
0.06308499972025552,-27.95339923945895,21.548773894849422,-27.323784265174073,21.576327533264337,-125.75,-6.44,True,True
0.0911565621693929,-27.727067097043243,21.580426378207477,-27.021965293402,21.50853348403656,-125.75,-6.44,True,True
0.11922812461853027,-28.1418076473808,21.550427401428152,-27.586375426901604,21.779111384150983,-125.75,-6.44,True,True
0.11922812461853027,-27.270226944679084,21.617249627844064,-26.453798032349834,21.43821265043601,-125.75,-6.44,True,True
0.11922812461853027,-27.057512166714545,21.624848381286032,-26.207368679199224,21.447523302076508,-125.75,-6.44,True,True
0.11922812461853027,-27.627191623453157,21.58035186238107,-26.946242127193873,21.6620593635616,-125.75,-6.44,True,True
0.11922812461853027,-26.66971898820962,21.639111202674794,-25.79096861363954,21.53676311902034,-125.75,-6.44,True,True
0.11922812461853027,-26.500866368658325,21.666466327879068,-25.622147987221016,21.598368661104967,-125.75,-6.44,True,True
0.11922812461853027,-27.11579886563502,21.631132689197955,-26.35957739566701,21.665754801709518,-125.75,-6.44,True,True
0.11922812461853027,-26.22027976463032,21.736337577774083,-25.36307105990564,21.739439346879653,-125.75,-6.44,True,True
0.11922812461853027,-26.115576475825844,21.753567272931505,-25.272620271807813,21.80279282494973,-125.75,-6.44,True,True
0.11922812461853027,-26.683319264378767,21.68227681947699,-25.8990376110335,21.743996238282364,-125.75,-6.44,True,True
0.11922812461853027,-25.97167268840424,21.753727832043197,-25.16542561111724,21.86543624044433,-125.75,-6.44,True,True
0.11922812461853027,-25.926794953555383,21.737771724374497,-25.144213302909858,21.815026366857825,-125.75,-6.44,True,True
0.11922812461853027,-26.36997822180639,21.693815968441967,-25.597258970404532,21.730449251922266,-125.75,-6.44,True,True
0.11922812461853027,-25.881237529740144,21.683714996230368,-25.14868784560571,21.61829797518685,-125.75,-6.44,True,True
0.11922812461853027,-25.870607568932314,21.655542637397293,-25.15650381134375,21.539533975272033,-125.75,-6.44,True,True
0.11922812461853027,-26.169217643293575,21.66693262722127,-25.4255709449128,21.62780426020842,-125.75,-6.44,True,True
0.16643826166788736,-25.86770550424995,21.599870346519634,-25.178996879659383,21.36023190532659,-125.75,-6.44,True,True
0.21364839871724445,-25.869493755109122,21.575330830785532,-25.189377730296318,21.198719373338825,-125.75,-6.44,True,True
0.26085853576660156,-26.05090719721689,21.62135520360793,-25.335015150382077,21.372402226794797,-125.75,-6.44,True,True
0.26085853576660156,-25.877545201422667,21.528966028789494,-25.207516645680254,20.824887221388337,-125.75,-6.44,True,True
0.26085853576660156,-25.881804775071533,21.503261712590263,-25.2143832915791,20.70548350748074,-125.75,-6.44,True,True
0.26085853576660156,-25.985032417949522,21.563163570000846,-25.28892164874226,21.075876550057508,-125.75,-6.44,True,True
0.26085853576660156,-25.89045191437381,21.453143852709086,-25.22476172386043,20.60555495803049,-125.75,-6.44,True,True
0.26085853576660156,-25.89449977104755,21.435064911946863,-25.229324274312777,20.62888427671748,-125.75,-6.44,True,True
0.26085853576660156,-25.950364978397587,21.506553860921926,-25.26674060830119,20.925956326439525,-125.75,-6.44,True,True
0.26085853576660156,-25.901954196482592,21.411011986077536,-25.23724254786289,20.788335324503763,-125.75,-6.44,True,True
0.26085853576660156,-25.905270903286247,21.403182978268834,-25.240644774982716,20.890662277191108,-125.75,-6.44,True,True
0.26085853576660156,-25.93354456283081,21.46319322610413,-25.257514656580334,20.958796535493555,-125.75,-6.44,True,True
0.29102269808451336,-25.911096037169873,21.39472311409197,-25.246412013449646,21.075140141000748,-125.75,-6.44,True,True
0.3211868604024251,-25.913617196353893,21.392895498912413,-25.248853628334516,21.09191215296957,-125.75,-6.44,True,True
0.3513510227203369,-25.926477704511576,21.434983706997997,-25.25490902340966,20.998627075288557,-125.75,-6.44,True,True
0.3513510227203369,-25.917923508937992,21.39262835509743,-25.25292763154953,21.046722596943656,-125.75,-6.44,True,True
0.3513510227203369,-25.91975547206972,21.392772279188335,-25.254634802022156,21.056961288857355,-125.75,-6.44,True,True
0.3513510227203369,-25.924435945278105,21.418230704443403,-25.25539424807441,21.034811829462,-125.75,-6.44,True,True
0.3513510227203369,-25.922828234364076,21.393477510861754,-25.257451491483398,21.081693846513772,-125.71,-6.46,True,True
0.3513510227203369,-25.924120255878254,21.39390120993906,-25.258623021257762,21.03477594623217,-125.67,-6.48,True,True
0.3513510227203369,-25.92476131555504,21.408687341803414,-25.257091218602497,21.000221201628143,-125.63,-6.5,True,True
0.3513510227203369,-25.926260048220936,21.39483461009338,-25.26053990428984,20.88293725929283,-125.63,-6.5,True,True
0.3513510227203369,-25.92715228762975,21.395288146688888,-25.261332710943396,20.838581944478587,-125.63,-6.5,True,True
0.3513510227203369,-25.926027225011772,21.403505568134033,-25.25906076890362,20.92624044715074,-125.63,-6.5,True,True
0.3513510227203369,-25.928616329397187,21.396150530191107,-25.262621682546808,20.77000841188514,-125.63,-6.5,True,True
0.3513510227203369,-25.929223008230668,21.396541014372332,-25.263152475517916,20.702799233830106,-125.63,-6.5,True,True
0.3513510227203369,-25.927514785285997,21.40086508494987,-25.260879450649625,20.801200980798257,-125.63,-6.5,True,True
0.3513510227203369,-25.93021152209609,21.397238500462993,-25.28264773426318,20.52873756378003,-125.63,-6.5,True,True
0.3513510227203369,-25.930619197426946,21.397543435240426,-25.320273258501555,20.448086581361576,-125.63,-6.5,True,True
0.3513510227203369,-25.928896531847556,21.399646716772295,-25.30712128878328,20.629396122084625,-125.63,-6.5,True,True
0.3513510227203369,-25.94991641589333,21.41670626254448,-25.42138845779137,20.288833209344684,-125.63,-6.5,True,True
0.3513510227203369,-25.987460990037267,21.454204729356075,-25.454986493924395,20.199519707353094,-125.63,-6.5,True,True
0.3513510227203369,-25.974779068757215,21.443913856039664,-25.375184035023103,20.419137004466542,-125.63,-6.5,True,True
0.37923463185628253,-26.10708291720614,21.573769245060962,-25.49214950252922,20.019643745994767,-125.63,-6.5,True,True
0.4071182409922282,-26.177901119290567,21.644568769716813,-25.49960053836354,19.94720596121917,-125.63,-6.5,True,True
0.43500185012817383,-26.087290433404323,21.5554335691871,-25.424962925768185,20.206056192164972,-125.63,-6.5,True,True
0.43500185012817383,-26.31552674597542,21.782173416221337,-25.49445273996307,19.8251286994072,-125.63,-6.5,True,True
0.43500185012817383,-26.356308916091862,21.822949601656045,-25.484064972595338,19.76328713830293,-125.63,-6.5,True,True
0.43500185012817383,-26.20373585633232,21.67127681959721,-25.442364939373956,20.003997831458904,-125.63,-6.5,True,True
0.43500185012817383,-26.36925918014026,21.835895122867385,-25.433711401498602,19.63208110047311,-125.63,-6.5,True,True
0.43500185012817383,-26.32887448433971,21.795509884621058,-25.37979529774333,19.55679956852285,-125.63,-6.5,True,True
0.43500185012817383,-26.225141475128453,21.692320483947686,-25.388106823031087,19.792424976694953,-125.63,-6.5,True,True
0.43500185012817383,-25.695877743460716,21.184117971535354,-24.702272295942112,18.956407795664095,-125.63,-6.5,True,True
0.43500185012817383,-24.644758004753886,20.17620585780694,-23.566453240019314,18.00082587186804,-125.63,-6.5,True,True
0.43500185012817383,-24.976641159957943,20.49545214608387,-23.99256908611801,18.518782955281317,-125.63,-6.5,True,True
0.43500185012817383,-21.28647300513271,16.9600716845415,-19.987765124100832,14.99721509947184,-125.63,-6.5,True,True
0.43500185012817383,-19.192504958545495,14.955971993566997,-17.831961170076635,13.167511400800961,-125.63,-6.5,True,True
0.43500185012817383,-21.714779314950974,17.372411514196177,-20.568281699141124,15.55895330402808,-125.63,-6.5,True,True
0.43500185012817383,-14.676137213926964,10.634478478331593,-13.243741356605467,9.27873830008039,-125.63,-6.5,True,True
0.43500185012817383,-12.754956958004803,8.795855729467869,-11.267633383865624,7.646099819597442,-125.63,-6.5,True,True
0.43500185012817383,-17.452245900840204,13.292239836427092,-16.142379699667188,11.8238893366966,-125.63,-6.5,True,True
0.4719826380411784,-9.50808411152618,5.688190851636499,-7.877553617561404,4.922269550975925,-125.63,-6.5,True,True
0.508963425954183,-8.103871953561212,4.344481325056974,-6.389714135181002,3.7490283154270614,-125.63,-6.5,True,True
0.5459442138671875,-13.209671262815778,9.23168539787021,-11.70143112112634,8.174961473639078,-125.63,-6.5,True,True
0.5459442138671875,-5.707725958694748,2.051459413416547,-3.8077485088252008,1.752383237062464,-125.63,-6.5,True,True
0.5459442138671875,-4.68962191230803,1.0762983452019448,-2.6929349017113893,0.90146898945607,-125.63,-6.5,True,True
0.5459442138671875,-9.442401624337062,5.62515945287856,-7.699085645465259,4.964507658676892,-125.63,-6.5,True,True
0.5459442138671875,-3.0963504611936465,-0.43300157984807003,-0.9169007668424555,-0.44597699403408325,-125.63,-6.5,True,True
0.5459442138671875,-2.6041817960320084,-0.8688180005155148,-0.35693490631784525,-0.8829428013470196,-125.63,-6.5,True,True
0.5459442138671875,-6.591437443055867,2.9382641810826353,-4.625719327439078,2.513876400924057,-125.63,-6.5,True,True
0.5459442138671875,-2.1310300312186583,-1.2076223527310415,0.20176611222679652,-1.3639779093318072,-125.63,-6.5,True,True
0.5459442138671875,-2.0522983762857656,-1.2154488788748858,0.2953729815619623,-1.4886650722268542,-125.63,-6.5,True,True
0.5459442138671875,-4.786380948367678,1.3167351866324675,-2.66937129342117,0.893873050798299,-125.63,-6.5,True,True
0.5459442138671875,-2.0827481832520682,-1.0556886181091478,0.24123176699890778,-1.5887809887511823,-125.63,-6.5,True,True
0.5459442138671875,-2.064154307035786,-1.0358398180739765,0.2236160097416118,-1.6466121153093898,-125.63,-6.5,True,True
0.5459442138671875,-3.681034400095226,0.3676363500045722,-1.5167013817191806,-0.14752631114700443,-125.63,-6.5,True,True
0.5459442138671875,-1.9658967130497782,-1.085998374408505,0.19382199323963392,-1.7775102933992344,-125.63,-6.5,True,True
0.5459442138671875,-1.8928007131254774,-1.12579922648768,0.16817153195910328,-1.8502669333122153,-125.63,-6.5,True,True
0.5459442138671875,-2.930111271222594,-0.2495839744671749,-0.8558799882346237,-0.8596738962097632,-125.63,-6.5,True,True
0.5459442138671875,-1.7153358775667071,-1.2226469123839365,0.0784310468864292,-1.9992368552419604,-125.63,-6.5,True,True
0.5459442138671875,-1.6276286120846633,-1.2674965801151032,-0.002591633358243403,-2.064291677626392,-125.63,-6.5,True,True
0.5459442138671875,-2.3743086753205613,-0.673735770427623,-0.5566143684374968,-1.3650282341087367,-125.63,-6.5,True,True
0.590979814529419,-1.457357202002833,-1.3524624835037713,-0.19983671501167846,-2.174136828895787,-125.63,-6.5,True,True
0.6360154151916504,-1.377885873690623,-1.394993637521531,-0.27895396216785967,-2.2175229414421627,-125.63,-6.5,True,True
0.6810510158538818,-1.9454615238046902,-0.9792642328252035,-0.47199569314663814,-1.7203041719037722,-125.63,-6.5,True,True
0.6810510158538818,-1.2329142291844375,-1.477637481965857,-0.3962138210642017,-2.28351526414208,-125.63,-6.5,True,True
0.6810510158538818,-1.1700561716512843,-1.515235304154379,-0.43239238472941466,-2.3084144980794297,-125.63,-6.5,True,True
0.6810510158538818,-1.6127235638553838,-1.2076986968899783,-0.46463876437037843,-1.9633488153056127,-125.63,-6.5,True,True
0.6810510158538818,-1.0626417453378207,-1.5784830944111221,-0.4650402852074557,-2.3675436970771355,-125.63,-6.5,True,True
0.6810510158538818,-1.0171315358704736,-1.599633408426324,-0.46670312673381537,-2.4272982480857173,-125.63,-6.5,True,True
0.6810510158538818,-1.3584685365249833,-1.3701397521470855,-0.46222001693625414,-2.180881062557015,-125.63,-6.5,True,True
0.6810510158538818,-0.9456735256649078,-1.6239672189540861,-0.44799301428445143,-2.5898872343748476,-125.63,-6.5,True,True
0.6810510158538818,-0.9228941262770488,-1.6301310601903454,-0.434906482231966,-2.6754216509079054,-125.63,-6.5,True,True
0.6810510158538818,-1.1785802408613124,-1.4750009947848604,-0.44506493001279723,-2.414041710747525,-125.63,-6.5,True,True
0.6810510158538818,-0.8987927289876652,-1.6329757201054849,-0.40010761821774893,-2.830882614813516,-125.63,-6.5,True,True
0.6810510158538818,-0.8930289211426267,-1.6321796442822307,-0.37723243800237705,-2.8767214462485815,-125.63,-6.5,True,True
0.6810510158538818,-1.0637306940490636,-1.5369624493796201,-0.40732166160027694,-2.60894469738391,-125.63,-6.5,True,True
0.7198648452758789,-0.8913976943416421,-1.6276229631902812,-0.3284863700721186,-2.9118888418867,-125.63,-6.5,True,True
0.758678674697876,-0.8928528826754824,-1.6253346400377937,-0.3105712712742436,-2.9084904398932205,-125.63,-6.5,True,True
0.797492504119873,-0.9965671919623225,-1.571393334353491,-0.3631775819953147,-2.721808406973565,-125.63,-6.5,True,True
0.797492504119873,-0.880135881809648,-1.6208663425504677,-0.28603709009022277,-2.867996483195841,-125.63,-6.5,True,True
0.797492504119873,-0.8457947116077936,-1.6188146822463054,-0.2777981537812979,-2.8391679754066015,-125.63,-6.5,True,True
0.797492504119873,-0.9150596864680527,-1.5895898729728186,-0.32680441066162746,-2.7549324233802706,-125.63,-6.5,True,True
0.797492504119873,-0.7322735912970099,-1.6151018610865435,-0.2869177341062441,-2.7850196738434896,-125.63,-6.5,True,True
0.797492504119873,-0.6642202008188797,-1.613466222800505,-0.32181739511674007,-2.7803716529660853,-125.63,-6.5,True,True
0.797492504119873,-0.7844911145977345,-1.5985450302011692,-0.34686010107401033,-2.7692292081714083,-125.63,-6.5,True,True
0.797492504119873,-0.5129005856636978,-1.6106216315299646,-0.4396454885494987,-2.791021656799281,-125.63,-6.5,True,True
0.797492504119873,-0.4370071874332015,-1.6093978192593141,-0.5099229506874822,-2.7814134672895814,-125.63,-6.5,True,True
0.797492504119873,-0.615077893598948,-1.6024495498133988,-0.44322646988702025,-2.766277451634452,-125.63,-6.5,True,True
0.797492504119873,-0.308605882752421,-1.6073204681071382,-0.6656786146537795,-2.760830826172295,-125.63,-6.5,True,True
0.797492504119873,-0.2799506493881589,-1.6064402358854994,-0.7436307253292155,-2.7783564953194144,-125.63,-6.5,True,True
0.797492504119873,-0.4790436809625617,-1.60373598291477,-0.5945888239853494,-2.7855372006888217,-125.63,-6.5,True,True
0.797492504119873,-0.2643703139156947,-1.6049701215021959,-0.8944306230645189,-2.8384487598739603,-125.63,-6.5,True,True
0.797492504119873,-0.2480845051112963,-1.6043537026916066,-0.9620255291242427,-2.850422302130165,-125.63,-6.5,True,True
0.797492504119873,-0.3778801828154518,-1.6037681402028854,-0.7665201237160155,-2.81146130082889,-125.63,-6.5,True,True
0.8223184744517008,-0.20568668406034077,-1.603335964416137,-1.0810676100190832,-2.86285793974452,-125.63,-6.5,True,True
0.8471444447835287,-0.18673975050795785,-1.602912467534842,-1.1319771392454492,-2.8879537682467498,-125.63,-6.5,True,True
0.8719704151153564,-0.29444576366432634,-1.6032792383182006,-0.9307703386260541,-2.857130755115607,-125.63,-6.5,True,True
0.8719704151153564,-0.151112569980607,-1.6022191738315872,-1.2133077545506745,-2.9625422948818065,-125.63,-6.5,True,True
0.8719704151153564,-0.13219505563686437,-1.6019323325560835,-1.2404634199241362,-2.998675843255121,-125.63,-6.5,True,True
0.8719704151153564,-0.22168409496115993,-1.602641687656785,-1.0619072660202313,-2.927892685735615,-125.63,-6.5,True,True
0.8905370235443115,-0.09411266722083778,-1.6014657896043707,-1.2535857777287653,-3.0547896452726366,-125.63,-6.5,True,True
0.9091036319732666,-0.07690828158014676,-1.6012736163752106,-1.2253827817759406,-3.060938034076152,-125.63,-6.5,True,True
0.9276702404022217,-0.15738183097043085,-1.6020285493849435,-1.106745827313348,-2.9777279106718373,-125.63,-6.5,True,True
0.9276702404022217,-0.04184531940869624,-1.6009626287191692,-1.113463519811497,-3.03093575029774,-125.63,-6.52,True,True
0.9276702404022217,-0.019658934853223738,-1.6008349766011742,-1.0437623334513642,-2.9963030407408557,-125.63,-6.54,True,True
0.9276702404022217,-0.0921768111094264,-1.6015074838802448,-1.0500075404570581,-2.966069794165311,-125.63,-6.56,True,True
0.9276702404022217,0.026489886914488208,-1.6006292317372386,-0.8858758329878001,-2.9012071821281604,-125.63,-6.56,True,True
0.9276702404022217,0.04291856984400008,-1.6005450149432996,-0.8066895018968938,-2.854176728908774,-125.63,-6.56,True,True
0.9276702404022217,-0.03333937967740948,-1.6010937844246989,-0.9209409710341965,-2.9026383803981313,-125.63,-6.56,True,True
0.9276702404022217,0.06427234200013582,-1.6004097178932895,-0.6532292637228371,-2.7599548257605204,-125.63,-6.56,True,True
0.9276702404022217,0.07098529343255983,-1.6003544628990278,-0.584353942365692,-2.7115674269482497,-125.63,-6.56,True,True
0.9276702404022217,0.010018620900709495,-1.6007792587582577,-0.7608506437519056,-2.8065146535630987,-125.63,-6.56,True,True
0.9276702404022217,0.07763117447779387,-1.6002659290990768,-0.4815330561337361,-2.615946008452957,-125.63,-6.56,True,True
0.9276702404022217,0.0787119515622776,-1.6002298394204715,-0.4668076522814926,-2.572418262375473,-125.63,-6.56,True,True
0.9276702404022217,0.03733035374896135,-1.6005472357440667,-0.6471259627598389,-2.696607122169098,-125.63,-6.56,True,True
0.9276702404022217,0.07777117721206107,-1.6001721400330304,-0.5027236746581725,-2.4984763880138305,-125.63,-6.56,True,True
0.9276702404022217,0.07713162413444351,-1.6001486558512232,-0.5453618524407933,-2.4726099511826707,-125.63,-6.56,True,True
0.9276702404022217,0.052949929764771364,-1.6003798409173833,-0.6300569675037437,-2.5996228791353064,-125.63,-6.56,True,True
0.9642910957336426,0.07562790934039809,-1.600111177962459,-0.6681219655717299,-2.4400661792547105,-125.60666666666667,-6.56,True,True
1.0009119510650635,0.07487747079017865,-1.6000959437065267,-0.7363673252971793,-2.4303689451929453,-125.58333333333333,-6.56,True,True
1.0375328063964844,0.06142114911399403,-1.6002611229142545,-0.7017100020206261,-2.529795652440913,-125.56,-6.56,True,True
1.0375328063964844,0.05478277603702294,-1.6000716685647969,-0.8786356964988141,-2.421524422998385,-125.56,-6.56,True,True
1.0375328063964844,0.016841864487763338,-1.6000618116722343,-0.9447057534057732,-2.419777776990132,-125.56,-6.56,True,True
1.0375328063964844,0.020974786864416117,-1.6001780638413021,-0.8239858910191062,-2.485803341214373,-125.56,-6.56,True,True
1.0375328063964844,-0.08491106513488145,-1.600046125155272,-1.0645886340724202,-2.420086927101975,-125.56,-6.56,True,True
1.0375328063964844,-0.11880706138702875,-1.6000397614424287,-1.1162724820725536,-2.420593935172368,-125.56,-6.56,True,True
1.0375328063964844,-0.04396822598790739,-1.6001205919421189,-0.9593720420183545,-2.4600163641629202,-125.56,-6.56,True,True
1.0375328063964844,-0.06333502401371806,-1.637302775696656,-1.1064692994829564,-2.440757083991105,-125.56,-6.56,True,True
1.0375328063964844,0.1153361023709951,-1.711844936252365,-0.9483265749697422,-2.478857491388459,-125.56,-6.56,True,True
1.0375328063964844,0.1314713179623543,-1.6895367014694598,-0.8508324632020463,-2.4902646668088737,-125.56,-6.56,True,True
1.0375328063964844,1.0141613749266323,-2.1179353794719877,-0.05084997299399056,-2.7488418079593964,-125.56,-6.56,True,True
1.0375328063964844,1.9739283254876512,-2.5946684773869158,0.9631927909810393,-3.118471552933238,-125.56,-6.56,True,True
1.0375328063964844,1.3884553850057344,-2.3152660846837776,0.43114260085777456,-2.951969342365055,-125.56,-6.56,True,True
1.0655206044514973,4.953053125409217,-4.109723019385359,4.158828124036154,-4.322594240664694,-125.56,-6.56,True,True
1.0935084025065105,7.011293245002888,-5.162257057027227,6.377361572246986,-5.152675207829336,-125.56,-6.56,True,True
1.1214962005615234,4.612533968744169,-3.953744559782611,3.862567777146666,-4.225089308296336,-125.56,-6.56,True,True
1.1214962005615234,12.208001460409228,-7.813287864303109,11.968323183822582,-7.222689482646156,-124.91666666666667,-7.02,True,True
1.1214962005615234,15.289342093175117,-9.367733832643975,15.25321449897473,-8.416435884188033,-124.27333333333333,-7.48,True,True
1.1214962005615234,10.244589878306295,-6.802166806850948,9.863292461102578,-6.421456969705357,-123.63,-7.94,True,True
1.1214962005615234,22.409949632909758,-12.841844385806356,22.82077306274573,-11.053183407410799,-123.63,-7.94,True,True
1.1214962005615234,26.44116976395593,-14.668866457702668,27.12239522610258,-12.427960720963759,-123.63,-7.94,True,True
1.1214962005615234,18.461287581298983,-10.703646641367527,18.625673867504347,-9.389010342814323,-123.63,-7.94,True,True
1.1214962005615234,35.14407098767263,-18.347243244290514,36.44801995530653,-15.193593658795749,-123.63,-7.94,True,True
1.1214962005615234,39.514380319609764,-20.04299701114702,41.15871716070118,-16.487720489917688,-123.63,-7.94,True,True
1.1214962005615234,28.635677401419166,-15.079439062305282,29.535939357818986,-12.722494564026029,-123.63,-7.94,True,True
1.1214962005615234,48.03713719182449,-23.074184957558362,50.38604581593986,-18.812845543191415,-123.63,-7.94,True,True
1.1214962005615234,51.93400550028494,-24.33616880268637,54.61284182864793,-19.758094431961172,-123.63,-7.94,True,True
1.1214962005615234,39.416553263643806,-19.219295129021543,41.15425386725745,-15.856883763276759,-123.63,-7.94,True,True
1.1214962005615234,58.842752827503716,-26.340722481659004,62.12322926081043,-21.211176763608936,-123.63,-7.94,True,True
1.1214962005615234,61.69866281185381,-27.07109856037557,65.23735271683377,-21.716222036329423,-123.63,-7.94,True,True
1.1214962005615234,49.31217076219869,-22.579660063511184,51.86219072014854,-18.34357161009178,-123.63,-7.94,True,True
1.1214962005615234,66.20240455752378,-28.023439239172564,70.13864515063155,-22.29603163426516,-123.63,-7.94,True,True
1.1214962005615234,67.83908545433209,-28.280793882156345,71.88100017027293,-22.38350679818195,-123.63,-7.94,True,True
1.1214962005615234,57.213558337501595,-24.904704595785503,60.377778855452846,-19.94055451488095,-123.63,-7.94,True,True
1.1721619764963787,69.90769038292227,-28.368920739235453,74.01480001378827,-22.186274759287787,-121.38,-8.96,True,True
1.2228277524312336,70.36523750173099,-28.21074191727176,74.4719170364098,-21.934244459851197,-119.13,-9.98,True,True
1.2734935283660889,62.50344742525381,-26.109916728793664,66.03567216378127,-20.596307898430545,-116.88,-11.0,True,True
1.2734935283660889,70.27334290187065,-27.568408882860425,74.30566659427613,-21.18182632168671,-116.88,-11.0,True,True
1.2734935283660889,69.87042303669655,-27.16276378093534,73.82138044041649,-20.7399095036465,-116.88,-11.0,True,True
1.2734935283660889,65.19387703969622,-26.346269886288454,68.84926476414677,-20.459459746912053,-116.88,-11.0,True,True
1.2734935283660889,68.48335028883912,-26.202569682912557,72.17048310107769,-19.743812104658335,-116.88,-11.0,True,True
1.2734935283660889,67.63190951913447,-25.668073962081092,71.12386874956458,-19.208783258718544,-116.88,-11.0,True,True
1.2734935283660889,65.78640588471607,-25.846686915787572,69.28148310255034,-19.73531624087321,-116.88,-11.0,True,True
1.2734935283660889,65.66738455015144,-24.52636872387681,68.69292233126953,-18.092301132086803,-116.88,-11.0,True,True
1.2734935283660889,64.60846571285117,-23.955242753602775,67.41320391290613,-17.5383837095341,-116.88,-11.0,True,True
1.2734935283660889,64.87122058696767,-24.8615859691582,68.0051520035564,-18.63612923018666,-116.88,-11.0,True,True
1.2908544540405273,62.414924992048526,-22.76904592057087,64.81960361257677,-16.471614041324134,-116.88,-11.0,True,True
1.3082153797149658,61.35791276796156,-22.110576867672943,63.600048685439965,-15.99117969103598,-116.88,-11.0,True,True
1.3255763053894043,63.053694739414254,-23.480362537703066,65.77588743159589,-17.400095803428943,-116.88,-11.0,True,True
1.3255763053894043,59.356756343867204,-20.72870962219709,61.32175484371121,-15.1291449408581,-114.67,-11.793333333333333,True,True
1.3255763053894043,58.44596389531073,-20.071123562703125,60.26934149560831,-14.740477523733178,-112.46,-12.586666666666668,True,True
1.3255763053894043,60.87022829261444,-21.862525207437223,63.1754326706961,-16.192074846824404,-110.25,-13.38,True,True
1.3255763053894043,56.76919052018798,-18.8062970307075,58.31261168475478,-14.033483148540489,-110.25,-13.38,True,True
1.3255763053894043,55.9684495886305,-18.18270701871025,57.38292496183343,-13.700796733601846,-110.25,-13.38,True,True
1.3255763053894043,58.59925930666557,-20.143514794881018,60.49953574665061,-15.068038574935311,-110.25,-13.38,True,True
1.3255763053894043,54.336445087132496,-16.932690640797613,55.50487659688141,-13.051736732004565,-110.25,-13.38,True,True
1.3255763053894043,53.39936736680119,-16.285781412962958,54.44048367073052,-12.710054428310523,-110.25,-13.38,True,True
1.3255763053894043,56.11218465069868,-18.335817473945713,57.616726080842255,-13.983598047369007,-110.25,-13.38,True,True
1.3255763053894043,51.41488815606005,-14.966330368739305,52.21407052426559,-11.996498784766535,-110.25,-13.38,True,True
1.3255763053894043,50.49931383473634,-14.311958041552613,51.20516049713812,-11.628739014551472,-110.25,-13.38,True,True
1.3255763053894043,53.5212506715301,-16.465952288760498,54.67634824880428,-12.89162200657115,-110.25,-13.38,True,True
1.3255763053894043,49.00773196998213,-13.058276085243987,49.61345623902258,-10.853438773107513,-110.25,-13.38,True,True
1.3255763053894043,48.617960636351114,-12.503322764336545,49.24818471196391,-10.428081497750906,-110.25,-13.38,True,True
1.3255763053894043,51.49896468367173,-14.678089192560439,52.47379571711109,-11.726007651664508,-110.25,-13.38,True,True
1.3763258457183838,48.47376242117736,-11.518127510413242,49.29858057338479,-9.52097415902101,-108.31333333333333,-13.773333333333333,True,True
1.4270753860473633,48.642640794230736,-11.068821650795217,49.6340256734044,-9.05824561690031,-106.37666666666667,-14.166666666666668,True,True
1.4778249263763428,50.48824713862075,-13.066204303298774,51.554798318118685,-10.471364788175679,-104.44,-14.56,True,True
1.4778249263763428,49.31683479650825,-10.249482118361628,50.7085155470958,-8.124719574229433,-104.44,-14.56,True,True
1.4778249263763428,49.67663272062268,-9.872137097661271,51.23066565580152,-7.6642028607613,-104.44,-14.56,True,True
1.4778249263763428,50.31357412052748,-11.646259344901345,51.62998000917012,-9.165959013920624,-104.44,-14.56,True,True
1.4778249263763428,50.40545325216889,-9.195328427969397,52.1947660311501,-6.8028259892102225,-104.44,-14.56,True,True
1.4778249263763428,50.738298696966694,-8.909096659653853,52.586706112010035,-6.449129770777848,-104.44,-14.56,True,True
1.4778249263763428,50.60818484342887,-10.450814247884235,52.14541712083289,-7.958280087248742,-104.44,-14.56,True,True
1.4778249263763428,51.29766802971193,-8.418424494971893,53.17638370645355,-5.8693656824499385,-104.44,-14.56,True,True
1.4778249263763428,51.48100000275959,-8.19143033749382,53.36013886638954,-5.616941726404911,-104.44,-14.56,True,True
1.4778249263763428,51.00494964482691,-9.461154200700282,52.675185579753744,-6.930763983991579,-104.44,-14.56,True,True
1.4778249263763428,51.58812414219938,-7.774993061114375,53.43970413881417,-5.172784729787581,-104.44,-14.56,True,True
1.4778249263763428,51.44508188858587,-7.586417131063883,53.269736478427,-4.9668264284501555,-104.44,-14.56,True,True
1.4778249263763428,51.0713578213295,-8.641067056329321,52.78908546264164,-6.067104360432369,-104.44,-14.56,True,True
1.4778249263763428,50.76985434668703,-7.23318439594632,52.501342072865725,-4.589345126258057,-104.44,-14.56,True,True
1.4778249263763428,50.24173467039677,-7.053161299584201,51.893956836103705,-4.420017031943663,-104.44,-14.56,True,True
1.4778249263763428,50.477459115682734,-7.932987054072203,52.128563108259954,-5.3457148731195705,-104.44,-14.56,True,True
1.4778249263763428,48.88082519814384,-6.699346130476818,50.333622210512466,-4.123578114724618,-104.44,-14.56,True,True
1.4778249263763428,48.124377093190525,-6.538598538955076,49.48148473757882,-3.999859449666399,-104.44,-14.56,True,True
1.4778249263763428,49.2133821663507,-7.315241942891842,50.70968472811056,-4.764418782662029,-104.44,-14.56,True,True
1.4989504019419353,46.53475647726543,-6.2311997503136825,47.7158417679377,-3.7745646293563984,-102.98,-14.666666666666668,True,True
1.5200758775075276,45.7768462979289,-6.06632496153222,46.8849085677325,-3.646129396808449,-101.52,-14.773333333333333,True,True
1.5412013530731201,47.54544378154763,-6.74674512964587,48.861237859774675,-4.261518849329963,-100.06,-14.88,True,True
1.5412013530731201,44.347517096763454,-5.7296515326673445,45.33358867311915,-3.372443673689945,-100.06,-14.88,True,True
1.5412013530731201,43.6887889751901,-5.573279830203514,44.619971915277375,-3.2419535698826807,-100.06,-14.88,True,True
1.5412013530731201,45.754207004777776,-6.21800099874169,46.89582962936302,-3.8031907647620082,-100.06,-14.88,True,True
1.5412013530731201,42.41258058443301,-5.32353485412854,43.26426549252312,-3.0007554211658793,-100.06,-14.88,True,True
1.5412013530731201,41.72447520962014,-5.269229985432872,42.56961654161011,-2.8971239196500895,-100.06,-14.88,True,True
1.5412013530731201,43.85373848894042,-5.835588677764381,44.88300595002042,-3.4038361122022875,-100.06,-14.88,True,True
1.5412013530731201,40.27083967762914,-5.284817903163478,41.16214332165769,-2.741830002409134,-100.06,-14.88,True,True
1.5412013530731201,39.52788709695442,-5.337773106028055,40.46473521356361,-2.7082015267893715,-100.06,-14.88,True,True
1.5412013530731201,41.82191428262834,-5.669687528615487,42.83842201270197,-3.12386914992274,-100.06,-14.88,True,True
1.5412013530731201,38.05293057290482,-5.513722663577485,39.09655258230138,-2.7141230231238977,-100.06,-14.88,True,True
1.5412013530731201,37.36414489618821,-5.616433682084073,38.43975464029487,-2.738814476650805,-100.06,-14.88,True,True
1.5412013530731201,39.77627694678116,-5.6934000613340565,40.82351411990309,-2.9855187167873014,-100.06,-14.88,True,True
1.5412013530731201,36.06292305157515,-5.841367671942436,37.18175544894809,-2.8258974215189343,-99.0,-14.796666666666667,True,True
1.5412013530731201,35.42945122188249,-5.953630116675647,36.581564145024835,-2.8825275399551793,-97.94,-14.713333333333335,True,True
1.5412013530731201,37.78872834964166,-5.842342514645052,38.89433981951586,-2.9704645990295324,-96.88,-14.63,True,True
1.5788755416870117,34.1856607333317,-6.170696697751285,35.42172019862399,-3.012161618166138,-96.88,-14.63,True,True
1.6165497303009033,33.56421706008035,-6.268451626094868,34.8449896340918,-3.075362127274962,-96.88,-14.63,True,True
1.654223918914795,35.85046678345634,-6.049013900643949,37.04475856184489,-3.037272739305458,-96.88,-14.63,True,True
1.654223918914795,32.34954149574822,-6.433030812158336,33.719572302703604,-3.213923595679114,-96.88,-14.63,True,True
1.654223918914795,31.783618244789892,-6.490481123642996,33.192546516187285,-3.3046780651542638,-96.88,-14.63,True,True
1.654223918914795,34.008401942595164,-6.24195710602488,35.302578863422724,-3.186262986841193,-96.88,-14.63,True,True
1.654223918914795,30.7517907225308,-6.563055871690445,32.208138242185136,-3.494433272610842,-96.88,-14.63,True,True
1.654223918914795,30.303076368472095,-6.585532996425504,31.749033295374243,-3.5587328085524024,-96.88,-14.63,True,True
1.654223918914795,32.36470581320801,-6.38469557893551,33.70634510819636,-3.3528165784925066,-96.88,-14.63,True,True
1.654223918914795,29.478585144301462,-6.608208018113454,30.87094561094034,-3.6530244696423573,-96.88,-14.63,True,True
1.654223918914795,29.041346943994643,-6.613747185861502,30.42588670212484,-3.709865319571044,-96.88,-14.63,True,True
1.654223918914795,30.853802295207537,-6.476985663979546,32.21453416448193,-3.5209577533977185,-96.88,-14.63,True,True
1.654223918914795,28.11258311882736,-6.616424979819858,29.490811101245715,-3.8366041688052945,-96.88,-14.63,True,True
1.654223918914795,27.616755245856268,-6.616759750684281,28.967866759131113,-3.9001692787203184,-96.88,-14.63,True,True
1.654223918914795,29.352266736841937,-6.532761440043274,30.69191438771575,-3.698120590238874,-96.88,-14.63,True,True
1.6852672894795735,26.526373571689046,-6.578599591608639,27.82361865703771,-3.989339737340993,-96.00333333333333,-14.606666666666667,True,True
1.7163106600443523,25.89598576304279,-6.503283213093602,27.214768562544794,-3.9765939542414745,-95.12666666666667,-14.583333333333334,True,True
1.7473540306091309,27.69488003144707,-6.475847251463465,29.047722408264548,-3.7891233526241455,-94.25,-14.56,True,True
1.7473540306091309,24.509882299215377,-6.262916344490905,25.950081960675533,-3.8512973053662374,-94.25,-14.56,True,True
1.7473540306091309,23.7992327406246,-6.12060434078506,25.320711127308158,-3.753603381734027,-94.25,-14.56,True,True
1.7473540306091309,25.847668537901214,-6.270924333868566,27.305962220552978,-3.7264923016966565,-94.25,-14.56,True,True
1.7473540306091309,22.36369326679707,-5.806590478653092,24.064796907162542,-3.510244312825956,-94.25,-14.56,True,True
1.7473540306091309,21.65975864826851,-5.649755904315685,23.43513603183891,-3.3866991442956276,-94.25,-14.56,True,True
1.7473540306091309,23.89462009953943,-5.959769094106738,25.505313057537677,-3.540659468903768,-94.25,-14.56,True,True
1.7473540306091309,20.286339443206042,-5.346837392021328,22.191626510294483,-3.141328379056001,-94.25,-14.56,True,True
1.7473540306091309,19.62363465189637,-5.211159376987681,21.596997623678188,-3.024953622320325,-94.25,-14.56,True,True
1.7473540306091309,21.927545286950757,-5.610262332209266,23.71136889578894,-3.289510061145224,-94.25,-14.56,True,True
1.7473540306091309,18.355954279979397,-4.972387440521789,20.471841798084483,-2.8278290413059577,-94.25,-14.56,True,True
1.7473540306091309,17.760698287631325,-4.870315130463874,19.951165058434132,-2.7700828977159766,-94.25,-14.56,True,True
1.7473540306091309,20.032993208579867,-5.278071503001285,22.010190311159278,-3.0695250441821202,-94.25,-14.56,True,True
1.7803608576456706,16.65618125245751,-4.7072999562635625,18.99040790303116,-2.7328109810221286,-93.71,-14.540000000000001,True,True
1.8133676846822102,16.15574677193325,-4.652859221686626,18.547121464883272,-2.74987328456997,-93.17,-14.52,True,True
1.84637451171875,18.29574058492822,-5.013428123984172,20.457539434604016,-2.958008798261667,-92.63,-14.5,True,True
1.84637451171875,15.2632802969761,-4.570525880343232,17.723757258818893,-2.8218860904587917,-92.63,-14.5,True,True
1.84637451171875,14.876002714509285,-4.51504769634082,17.33270388202659,-2.8433282678033844,-92.63,-14.5,True,True
1.84637451171875,16.788655911777056,-4.788068275771009,19.056684856520093,-2.916829663522906,-92.63,-14.5,True,True
1.84637451171875,14.14260528412344,-4.232153645328161,16.570398824899073,-2.690088835322291,-92.63,-14.5,True,True
1.84637451171875,13.719731860728679,-3.861423121971509,16.177691388541195,-2.348411889525967,-92.63,-14.5,True,True
1.84637451171875,15.376956999812643,-4.207975738815128,17.744923186040282,-2.4821098477240597,-92.63,-14.5,True,True
1.84637451171875,12.748976727003482,-2.681215351373749,15.411228023002758,-1.1655732313692397,-92.63,-14.5,True,True
1.84637451171875,12.188436146141067,-1.8915583759488275,15.079533416587772,-0.35504121155631574,-92.63,-14.5,True,True
1.84637451171875,13.857288955599094,-2.9123318461316954,16.55983265605441,-1.248639534469243,-92.63,-14.5,True,True
1.84637451171875,10.932809991151132,0.015083491573304167,14.538297380892937,1.6283221017867653,-92.63,-14.5,True,True
1.84637451171875,10.253505451758157,1.0602901200907233,14.347834976039772,2.7252272875650334,-92.63,-14.5,True,True
1.84637451171875,12.13032268179939,-0.8806975563007327,15.620223452239093,0.807728876417569,-92.63,-14.5,True,True
1.84637451171875,8.867408828657055,3.240416031774696,14.093431790983553,5.007136017087742,-92.63,-14.5,True,True
1.84637451171875,8.236112124429809,4.281276580077677,13.99570140944209,6.069790860584899,-92.63,-14.5,True,True
1.84637451171875,10.336586872446873,1.5873156755614226,14.939181472100145,3.3167357351462448,-92.63,-14.5,True,True
1.8770448366800945,7.0889727520017685,6.2216835401569766,13.8157275995413,8.022259294510517,-92.35666666666667,-14.46,True,True
1.9077151616414387,6.565080905180818,7.078320630484639,13.690028702390814,8.895830674398674,-92.08333333333333,-14.42,True,True
1.9383854866027832,8.631675170650222,4.096088123071912,14.379717607436195,5.87042550624924,-91.81,-14.38,True,True
1.9383854866027832,5.640843200281812,8.530413250239175,13.370332354601421,10.376244295686874,-91.81,-14.38,True,True
1.9383854866027832,5.264687652160513,9.091819998189225,13.17946033487427,10.921683072748102,-91.81,-14.38,True,True
1.9383854866027832,7.1573414918266725,6.275039689118268,13.814992864965241,8.057165901384511,-91.81,-14.38,True,True
1.9383854866027832,4.677674003906426,9.909755720635056,12.74975988687955,11.660771040846782,-91.81,-14.38,True,True
1.9383854866027832,4.460186743105744,10.190686045530995,12.525022741736478,11.892166713026192,-91.81,-14.38,True,True
1.9383854866027832,6.011756571571725,7.919527018621208,13.206473445310982,9.646884945080966,-91.81,-14.38,True,True
1.9383854866027832,4.1639622976924215,10.531332904225371,12.068088636151645,12.118920052908706,-91.81,-14.38,True,True
1.9383854866027832,4.071936062615095,10.62591071958026,11.848205702702629,12.154536339875355,-91.81,-14.38,True,True
1.9383854866027832,5.213974137325966,9.019712794748838,12.577502273379608,10.64345591565882,-91.81,-14.38,True,True
1.9383854866027832,3.9924825765646688,10.677814164165369,11.43897430228773,12.11265637776807,-91.81,-14.38,True,True
1.9383854866027832,3.9974823344371226,10.649378835255533,11.262992063118176,12.077568358602756,-91.81,-14.38,True,True
1.9383854866027832,4.741304386225455,9.64570186573361,11.98894088321732,11.199292875007158,-91.81,-14.38,True,True
1.9689423243204753,4.082447816768491,10.50855573712888,10.974855867599274,11.985651848679197,-92.10333333333334,-14.316666666666666,True,True
1.9994991620381672,4.147926506018534,10.420989630009869,10.869263271994342,11.935378962551345,-92.39666666666666,-14.253333333333334,True,True
2.0300559997558594,4.536276962665198,9.916215979781661,11.509092934394026,11.472467587262742,-92.69,-14.19,True,True
2.0300559997558594,4.31181708494767,10.223501393922298,10.728393688121571,11.835832203956874,-92.69,-14.19,True,True
2.0300559997558594,4.397170278887104,10.125532359215553,10.686481302881786,11.79618660748361,-92.69,-14.19,True,True
2.0300559997558594,4.515684341256364,9.960961606562398,11.17088930281231,11.588797698848175,-92.69,-14.19,True,True
2.0300559997558594,4.586460102719015,9.937082213440512,10.648521749175655,11.715961299485983,-92.69,-14.19,True,True
2.0300559997558594,4.702164359614806,9.852538859336589,10.641294984089548,11.65419190726257,-92.69,-14.19,True,True
2.0300559997558594,4.642173876686014,9.88635695770613,10.95929500575995,11.58447249513134,-92.69,-14.19,True,True
2.0300559997558594,4.999752182838081,9.703391576924057,10.681682110267971,11.497333261501778,-92.69,-14.19,True,True
2.0300559997558594,5.2056963686375815,9.639363636843564,10.760630634349228,11.412237623099635,-92.69,-14.19,True,True
2.0300559997558594,4.965200620903205,9.764760640295782,10.927076656426042,11.479762606818667,-92.69,-14.19,True,True
2.0300559997558594,5.717341299352673,9.53546893619825,11.048806077386415,11.234451999157406,-92.69,-14.19,True,True
2.0300559997558594,6.008498055008631,9.498671952897533,11.27080146923293,11.14750029752287,-92.69,-14.19,True,True
2.0300559997558594,5.5084047742206685,9.647646469888713,11.174140117041519,11.31259463186962,-92.69,-14.19,True,True
2.0615882078806558,6.6534565675786785,9.450665503064814,11.832979613676335,10.982275671917513,-92.69,-14.19,True,True
2.0931204160054526,6.999234745154073,9.434742819257645,12.135534386367732,10.908799304937261,-92.69,-14.19,True,True
2.124652624130249,6.24926107930162,9.558270747075868,11.685443920640484,11.12412220652389,-92.69,-14.19,True,True
2.124652624130249,7.729347936651787,9.416091233391967,12.758347342408106,10.780351434834936,-93.92,-14.063333333333333,True,True
2.124652624130249,8.105641944340292,9.41039503086374,13.053377535475244,10.725612903926192,-95.14999999999999,-13.936666666666667,True,True
2.124652624130249,7.145327671576396,9.49780987035429,12.346262434480433,10.94535251422596,-96.38,-13.81,True,True
2.124652624130249,8.928837401273322,9.404480239530129,13.673865714933081,10.638170240597953,-96.38,-13.81,True,True
2.124652624130249,9.423871468194577,9.402480083638359,14.062504064553417,10.608529698382858,-96.38,-13.81,True,True
2.124652624130249,8.27700850724677,9.45913315725122,13.209119562328805,10.802522048189086,-96.38,-13.81,True,True
2.124652624130249,10.558155243887844,9.381417981818736,14.98128800264633,10.535537322535241,-96.38,-13.81,True,True
2.124652624130249,11.17474791760113,9.34337976630472,15.496152310188313,10.450312618587246,-96.38,-13.81,True,True
2.124652624130249,9.695928217104935,9.39028127077256,14.34467100808821,10.614554123829368,-96.38,-13.81,True,True
2.124652624130249,12.513472439786648,9.20475638036332,16.643094745429824,10.220756718565935,-96.38,-13.81,True,True
2.124652624130249,13.242241891284527,9.096638584230968,17.28144201629585,10.114776062415674,-96.38,-13.81,True,True
2.124652624130249,11.421803384817286,9.219228783526543,15.792018600583079,10.374596581833224,-96.38,-13.81,True,True
2.156795342763265,14.812965611286366,8.821379951885449,18.688888900173193,9.90363752523192,-96.38,-13.81,True,True
2.1889380613962808,15.649290315986184,8.672828281914772,19.458988748839257,9.781707831594405,-96.38,-13.81,True,True
2.221080780029297,13.460918131084478,8.938335287214118,17.58454697447928,10.084306424270522,-96.38,-13.81,True,True
2.221080780029297,17.493254556745796,8.366435518263033,21.20267462840478,9.519149252998597,-98.88,-13.56,True,True
2.221080780029297,18.570283234767782,8.221149708467431,22.24699402808282,9.392542026810794,-101.38,-13.31,True,True
2.221080780029297,15.976821392471173,8.595456217671938,19.913247278430653,9.758203658307536,-103.88,-13.06,True,True
2.221080780029297,20.950266768909596,7.952091513416044,24.59076183730951,9.133170277849189,-103.88,-13.06,True,True
2.221080780029297,22.169054687842912,7.834011408639551,25.8003863369382,8.984904332269187,-103.88,-13.06,True,True
2.221080780029297,18.948908852023173,8.24803265021484,22.762016860355907,9.384622864033743,-103.88,-13.06,True,True
2.221080780029297,24.644737467353483,7.615877566670843,28.27150280116504,8.67365187460088,-103.88,-13.06,True,True
2.221080780029297,25.882146965849856,7.500952211564503,29.509381040701964,8.533104938202674,-103.88,-13.06,True,True
2.221080780029297,22.217052725950015,7.901668083612973,25.95673249695536,8.991818063791618,-103.88,-13.06,True,True
2.221080780029297,28.39342419363194,7.269444446793824,31.988122160795246,8.277887338320127,-103.88,-13.06,True,True
2.221080780029297,29.70461393622485,7.162921850815454,33.22732966752406,8.158934362877766,-103.88,-13.06,True,True
2.221080780029297,25.75136674141761,7.566022228477809,29.360610886989612,8.613391613115507,-103.88,-13.06,True,True
2.221080780029297,32.499138412893096,6.949890867604631,35.807411820338984,7.908513217648348,-103.88,-13.06,True,True
2.221080780029297,34.04351588104714,6.824934116304156,37.25027971241804,7.747218204518785,-103.88,-13.06,True,True
2.221080780029297,29.725208112483024,7.214686613836141,33.134379391505036,8.192781726954365,-103.88,-13.06,True,True
2.255690654118856,37.3713690955394,6.512991192861372,40.38999504846466,7.370603141354283,-103.88,-13.06,True,True
2.2903005282084146,39.09971266042191,6.300858119267361,42.035168412977534,7.1734269354436755,-103.88,-13.06,True,True
2.3249104022979736,34.18352521298128,6.749325556738326,37.37284853162974,7.703804348164951,-103.88,-13.06,True,True
2.3249104022979736,42.64993689818578,5.7742861632828095,45.462481042548966,6.759216114676238,-106.81666666666666,-12.666666666666668,True,True
2.3249104022979736,44.43652076379325,5.469864695840979,47.23095481517407,6.5400604395298965,-109.75333333333333,-12.273333333333333,True,True
2.3249104022979736,39.002416112009186,6.104803161549441,42.038098542854684,7.147431110715694,-112.69,-11.88,True,True
2.3249104022979736,47.96705699621555,4.812998610959244,50.796549720001885,6.093314400498227,-112.69,-11.88,True,True
2.3249104022979736,49.64543437078675,4.494801822420379,52.51268329610341,5.881389877399161,-112.69,-11.88,True,True
2.3249104022979736,43.90780350091138,5.33625357818947,46.89660884091148,6.559297740527257,-112.69,-11.88,True,True
2.3249104022979736,52.90654532553319,3.855359512983663,55.88839485683986,5.448698117329798,-112.69,-11.88,True,True
2.3249104022979736,54.56741659459234,3.510592751922831,57.624745002632984,5.196191173654744,-112.69,-11.88,True,True
2.3249104022979736,48.844081457123664,4.461403714900488,51.8953351946973,5.903409386004132,-112.69,-11.88,True,True
2.3249104022979736,57.89106646953294,2.7816124846773604,61.15562263229814,4.651477245786584,-112.69,-11.88,True,True
2.3249104022979736,59.49512082886486,2.408043446053866,62.91133872339933,4.391892348356165,-112.69,-11.88,True,True
2.3249104022979736,53.73071346204935,3.4882109505789054,57.001430316290225,5.198374496373754,-112.69,-11.88,True,True
2.3249104022979736,62.579608357242854,1.6698031428534197,66.37119475778249,3.904451651387781,-112.69,-11.88,True,True
2.3249104022979736,64.05196149227979,1.332187462324531,68.04320400070802,3.6827808167349505,-112.69,-11.88,True,True
2.3249104022979736,58.42951642704908,2.499156475351289,62.071498480756595,4.509348561012129,-112.69,-11.88,True,True
2.3565715154012046,66.83702696071255,0.7291614054315532,71.27030567901868,3.2730241834492033,-112.69,-11.88,True,True
2.388232628504435,68.12987975077141,0.4729473910895951,72.82431885539556,3.07442439317348,-112.69,-11.88,True,True
2.419893741607666,62.80022155411954,1.5982669730043697,66.97835519108867,3.8576132514642865,-112.69,-11.88,True,True
2.419893741607666,70.54674123715735,0.045748157113108055,75.81652781687247,2.6944319255718496,-115.02333333333333,-11.65,True,True
2.419893741607666,71.70126572806772,-0.1306062960230529,77.25798153625254,2.51768930846146,-117.35666666666667,-11.42,True,True
2.419893741607666,66.80807401945428,0.846107927832825,71.65221368054401,3.2544809252031137,-119.69,-11.19,True,True
2.419893741607666,73.84037491168561,-0.4079274876625738,79.99372670189105,2.201512444982605,-119.69,-11.19,True,True
2.419893741607666,74.76283231075537,-0.5079968392372979,81.2501573977446,2.0728793359752107,-119.69,-11.19,True,True
2.419893741607666,70.31973437753884,0.2747292788402292,75.96424560924147,2.7382417986375374,-119.69,-11.19,True,True
